org,link,link-type
1618 Wine Lounge,https://www.facebook.com/guilfordgreenfoundation/photos/a.240175426019577.51795.210257812344672/1027688303934948/?type=3&theater,Facebook
Atomic Empire,https://twitter.com/Atomic_Empire/status/714123880500047872,Twitter
Bean Traders,https://twitter.com/beantraders/status/713853386676785152,Twitter
Blue Corn Cafe,https://twitter.com/CafeCorn/status/713860254136664064,Twitter
Cameron's,https://www.instagram.com/p/BDWFzGtBefV/?taken-by=cameronsgiftgallery,Instagram
Club Snap,https://twitter.com/mysterybrewing/status/712999892092862464,Facebook
Cocoa Cinnamon,https://www.facebook.com/CocoaCinnamonDream/photos/a.305726846105597.82408.292851927393089/1150902954921311/?type=3&theater,Facebook
Durham Coop Market,https://www.facebook.com/durhamcoopmarket/photos/a.140652045983096.24509.108333482548286/959623730752586/?type=3&theater,Facebook
Edge of Urge - Raleigh,https://www.instagram.com/p/BDX8JIrs9OC/?taken-by=edgeofurge,Instagram
Frisky Business Boutique,https://www.facebook.com/FriskyBusinessBoutique/?rf=135170593198160,Facebook
Geeksboro Coffeehouse Cinema,https://www.facebook.com/Geeksboro/photos/a.300798066684194.64323.300795156684485/902659139831414/?type=3&theater,Facebook
Green Bean,https://www.instagram.com/p/BDYe7tOB_gM/?taken-by=deconstructinggender,Instagram
Interactive Resource Center,https://www.facebook.com/gsodaycenter/photos/a.394134033847.171009.103218153847/10153485701388848/?type=3&theater,Facebook
Judea Reform Congregation,https://www.facebook.com/Judea-Reform-489402415789/timeline,Facebook
Linda's Bar & Grill,https://www.instagram.com/p/BDY_R_mGxVl/?taken-by=lindasbarandgrill,Instagram
Lost Province Brewing Co.,https://www.facebook.com/lostprovincebrewingco/photos/a.1471844189693958.1073741830.1419802401564804/1697245273820514/?type=3&theater,Facebook
Luna Rotisserie and Empanadas,https://www.facebook.com/749437915135634/photos/a.806402316105860.1073741828.749437915135634/973560802723343/?type=3&theater,Facebook
Metro 8 Steakhouse,https://www.facebook.com/permalink.php?story_fbid=10103884005733297&id=86233996949&comment_id=10103885440008997&notif_t=share_comment,Facebook
Monuts Donuts,https://twitter.com/MonutsDonuts/status/713891281617944576,Twitter
Moogfest,http://www.moogfest.com/<br>Src:https://www.instagram.com/p/BDZRys7zM0v/?taken-by=moogfest,Instagram
Mystery Brewing Company,https://twitter.com/mysterybrewing/status/712999892092862464,Twitter
Ninth Street Bakery,https://twitter.com/ninthstbakery/status/714056754217291776,Twitter
Oval Park Grille,https://www.instagram.com/p/BDY8rCYlThT/,Instagram
Pilgrim United Church of Christ,https://www.facebook.com/PilgrimUCC/photos/a.454769086737.250349.23310651737/10154051656616738/?type=3&theater,Facebook
Raleigh Soapery,https://www.instagram.com/p/BDYXw5Svof3/?taken-by=raleighsoapery,Instagram
Ruby Deluxe,https://www.facebook.com/RubyDeluxeRaleigh/?fref=nf# and https://www.instagram.com/p/BDXGPIcASR-/,Facebook
Shelf Life Art + Supply Co.,https://www.facebook.com/ShelfLifeArt/posts/531466503693228,Facebook
Sup Dogs,https://www.instagram.com/p/BDZQn47mnyp/,Instagram
Syd's Hair Shop Inc,https://www.instagram.com/p/BDYlV_FD4eu/,Instagram
The Cave,https://www.instagram.com/p/BDbGX7cJ23I/,Instagram
The Dog Salon,https://www.instagram.com/p/BDYhgaeoPL6/?taken-by=thedogsalon,Instagram
The Green Monkey,https://www.instagram.com/p/BDUg30owzRJ/?taken-by=greenmonkeyraleigh,Instagram
The Pinhook,https://www.instagram.com/p/BDV5Iv7tmCk/?taken-by=the_pinhook,Instagram
The Remedy Diner,https://www.instagram.com/p/BDYN5XNii5C/?taken-by=remedydiner,Instagram
Unitarian Universalist Congregation,https://www.facebook.com/uugreenvillenc/posts/10153907134535351,Facebook
Unitarian Universalist Fellowship of Raleigh,http://www.uufr.org/index.php/community-life/lgbtq,Website
Unorthodoc,https://www.facebook.com/permalink.php?story_fbid=1067146803344655&id=171549539571057,Facebook
Videri Chocolate Factory,https://twitter.com/viderichocolate/status/713783029458735104,Twitter
Vimala's Curryblossom Cafe,https://www.facebook.com/curryblossom/?fref=nf,Facebook
Weaver Street Market,https://www.facebook.com/weaverstreet/posts/10154721066714418,Facebook